english_key,japanese,game_category
Acid Spraymist in possession at start of expedition,出撃時に「酸の噴霧」を持つ,出撃時のアイテム
All Resistances Down,全耐性低下,デメリット（アクション）
Arcane +1,神秘+1,能力値
Arcane +2,神秘+2,能力値
Arcane +3,神秘+3,能力値
Arcane increased for each great enemy defeated at a Ruin,廃墟の強敵を倒すたび、神秘上昇,能力値
Attack power increased for each Night Invader defeated,夜の侵入者を倒すたび攻撃力上昇,攻撃力
Attack power increased for each evergaol prisoner defeated,封牢の囚人を倒すたび攻撃力上昇,攻撃力
Attack power up when facing frostbite-afflicted enemy,凍傷状態の敵に対する攻撃力上昇,アクション
Attack power up when facing frostbite-afflicted enemy +1,凍傷状態の敵に対する攻撃力上昇 +1,アクション
Attack power up when facing frostbite-afflicted enemy +2,凍傷状態の敵に対する攻撃力上昇 +2,アクション
Attack power up when facing poison-afflicted enemy,毒状態の敵に対する攻撃力上昇,アクション
Attack power up when facing poison-afflicted enemy +1,毒状態の敵に対する攻撃力上昇 +1,アクション
Attack power up when facing poison-afflicted enemy +2,毒状態の敵に対する攻撃力上昇 +2,アクション
Attack power up when facing scarlet rot-afflicted enemy,朱い腐敗状態の敵に対する攻撃力上昇,アクション
Attack power up when facing scarlet rot-afflicted enemy +1,朱い腐敗状態の敵に対する攻撃力上昇 +1,アクション
Attack power up when facing scarlet rot-afflicted enemy +2,朱い腐敗状態の敵に対する攻撃力上昇 +2,アクション
Bewitching Branches in possession at start of expedition,出撃時に「誘惑の枝」を持つ,出撃時のアイテム
Bloodboil Aromatic in possession at start of expedition,出撃時に「狂熱の香薬」を持つ,出撃時のアイテム
Cerulean Crystal Tear in possession at start of expedition,出撃時に「青色の結晶雫」を持つ,出撃時のアイテム（結晶の雫）
Cerulean Hidden Tear in possession at start of expedition,出撃時に「青色の秘雫」を持つ,出撃時のアイテム（結晶の雫）
Changes compatible armament's incantation to Beast Claw at start of expedition,出撃時の武器の祈祷を「獣爪」にする,出撃時の武器（魔術／祈祷）
Changes compatible armament's incantation to Dragonfire at start of expedition,出撃時の武器の祈祷を「竜炎」にする,出撃時の武器（魔術／祈祷）
Changes compatible armament's incantation to Lightning Spear at start of expedition,出撃時の武器の祈祷を「雷の槍」にする,出撃時の武器（魔術／祈祷）
"Changes compatible armament's incantation to O, Flame! at start of expedition",出撃時の武器の祈祷を「火よ！」にする,出撃時の武器（魔術／祈祷）
Changes compatible armament's incantation to Wrath of Gold at start of expedition,出撃時の武器の祈祷を「黄金の怒り」にする,出撃時の武器（魔術／祈祷）
Changes compatible armament's skill to Blood Blade at start of expedition,出撃時の武器の戦技を「血の刃」にする,出撃時の武器（戦技）
Changes compatible armament's skill to Chilling Mist at start of expedition,出撃時の武器の戦技を「冷気の霧」にする,出撃時の武器（戦技）
Changes compatible armament's skill to Determination at start of expedition,出撃時の武器の戦技を「デターミネーション」にする,出撃時の武器（戦技）
Changes compatible armament's skill to Endure at start of expedition,出撃時の武器の戦技を「我慢」にする,出撃時の武器（戦技）
Changes compatible armament's skill to Eruption at start of expedition,出撃時の武器の戦技を「溶岩噴火」にする,出撃時の武器（戦技）
Changes compatible armament's skill to Flaming Strike at start of expedition,出撃時の武器の戦技を「炎撃」にする,出撃時の武器（戦技）
Changes compatible armament's skill to Glintblade Phalanx at start of expedition,出撃時の武器の戦技を「輝剣の円陣」にする,出撃時の武器（戦技）
Changes compatible armament's skill to Gravitas at start of expedition,出撃時の武器の戦技を「グラビタス」にする,出撃時の武器（戦技）
Changes compatible armament's skill to Hoarfrost Stomp at start of expedition,出撃時の武器の戦技を「霜踏み」にする,出撃時の武器（戦技）
Changes compatible armament's skill to Lightning Slash at start of expedition,出撃時の武器の戦技を「雷撃斬」にする,出撃時の武器（戦技）
Changes compatible armament's skill to Poison Moth Flight at start of expedition,出撃時の武器の戦技を「毒蛾は二度舞う」にする,出撃時の武器（戦技）
Changes compatible armament's skill to Poisonous Mist at start of expedition,出撃時の武器の戦技を「毒の霧」にする,出撃時の武器（戦技）
Changes compatible armament's skill to Prayerful Strike at start of expedition,出撃時の武器の戦技を「祈りの一撃」にする,出撃時の武器（戦技）
Changes compatible armament's skill to Quickstep at start of expedition,出撃時の武器の戦技を「クイックステップ」にする,出撃時の武器（戦技）
Changes compatible armament's skill to Rain of Arrows at start of expedition,出撃時の武器の戦技を「アローレイン」にする,出撃時の武器（戦技）
Changes compatible armament's skill to Sacred Blade at start of expedition,出撃時の武器の戦技を「聖なる刃」にする,出撃時の武器（戦技）
Changes compatible armament's skill to Seppuku at start of expedition,出撃時の武器の戦技を「切腹」にする,出撃時の武器（戦技）
Changes compatible armament's skill to Storm Stomp at start of expedition,出撃時の武器の戦技を「嵐脚」にする,出撃時の武器（戦技）
Changes compatible armament's skill to Thunderbolt at start of expedition,出撃時の武器の戦技を「落雷」にする,出撃時の武器（戦技）
Changes compatible armament's skill to White Shadow's Lure at start of expedition,出撃時の武器の戦技を「白い影の誘い」にする,出撃時の武器（戦技）
Changes compatible armament's sorcery to Briars of Punishment at start of expedition,出撃時の武器の魔術を「罰の茨」にする,出撃時の武器（魔術／祈祷）
Changes compatible armament's sorcery to Carian Greatsword at start of expedition,出撃時の武器の魔術を「カーリアの大剣」にする,出撃時の武器（魔術／祈祷）
Changes compatible armament's sorcery to Magic Glintblade at start of expedition,出撃時の武器の魔術を「魔術の輝剣」にする,出撃時の武器（魔術／祈祷）
Changes compatible armament's sorcery to Magma Shot at start of expedition,出撃時の武器の魔術を「溶岩弾」にする,出撃時の武器（魔術／祈祷）
Changes compatible armament's sorcery to Night Shard at start of expedition,出撃時の武器の魔術を「夜のつぶて」にする,出撃時の武器（魔術／祈祷）
Character Skill Cooldown Reduction +1,スキルのクールタイム短縮 +1,スキル／アーツ
Character Skill Cooldown Reduction +2,スキルのクールタイム短縮 +2,スキル／アーツ
Character Skill Cooldown Reduction +3,スキルのクールタイム短縮 +3,スキル／アーツ
Continuous HP Loss,HPが継続的に減少,デメリット（アクション）
Crimson Bubbletear in possession at start of expedition,出撃時に「緋色の泡雫」を持つ,出撃時のアイテム（結晶の雫）
Crimson Crystal Tear in possession at start of expedition,出撃時に「緋色の結晶雫」を持つ,出撃時のアイテム（結晶の雫）
Crimsonburst Crystal Tear in possession at start of expedition,出撃時に「緋湧きの結晶雫」を持つ,出撃時のアイテム（結晶の雫）
Crimsonspill Crystal Tear in possession at start of expedition,出撃時に「緋溢れの結晶雫」を持つ,出撃時のアイテム（結晶の雫）
Crimsonwhorl Bubbletear in possession at start of expedition,出撃時に「緋色渦の泡雫」を持つ,出撃時のアイテム（結晶の雫）
Critical Hit Boosts Stamina Recovery Speed,致命の一撃で、スタミナ回復速度上昇,回復
Critical Hit Boosts Stamina Recovery Speed +1,致命の一撃で、スタミナ回復速度上昇 +1,回復
Critical Hits Earn Runes,致命の一撃で、ルーンを取得,アクション
Critical hits fill more of the Art gauge,致命の一撃で、アーツゲージ増加,スキル／アーツ
Critical hits fill more of the Art gauge +1,致命の一撃で、アーツゲージ増加 +1,スキル／アーツ
Crystal Darts in possession at start of expedition,出撃時に「結晶投げ矢」を持つ,出撃時のアイテム
Defeating enemies fills more of the Art gauge,敵を倒した時、アーツゲージ増加,スキル／アーツ
Defeating enemies fills more of the Art gauge +1,敵を倒した時、アーツゲージ増加 +1,スキル／アーツ
Defeating enemies near Totem Stela restores HP,トーテム・ステラの周囲で敵を倒した時、HP回復,無頼漢
Defeating enemies restores HP for allies but not for self,敵を倒した時、自身を除く周囲の味方のHPを回復,チームメンバー
Dexterity +1,技量+1,能力値
Dexterity +2,技量+2,能力値
Dexterity +3,技量+3,能力値
Dormant Power Helps Discover Axes,潜在する力から、斧を見つけやすくなる,斧
Dormant Power Helps Discover Ballistas,潜在する力から、バリスタを見つけやすくなる,バリスタ
Dormant Power Helps Discover Bows,潜在する力から、弓を見つけやすくなる,弓
Dormant Power Helps Discover Claws,潜在する力から、爪を見つけやすくなる,爪
Dormant Power Helps Discover Colossal Swords,潜在する力から、特大剣を見つけやすくなる,特大剣
Dormant Power Helps Discover Colossal Weapons,潜在する力から、特大武器を見つけやすくなる,特大武器
Dormant Power Helps Discover Crossbows,潜在する力から、クロスボウを見つけやすくなる,クロスボウ
Dormant Power Helps Discover Curved Greatswords,潜在する力から、大曲剣を見つけやすくなる,大曲剣
Dormant Power Helps Discover Curved Swords,潜在する力から、曲剣を見つけやすくなる,曲剣
Dormant Power Helps Discover Daggers,潜在する力から、短剣を見つけやすくなる,短剣
Dormant Power Helps Discover Fists,潜在する力から、拳を見つけやすくなる,拳
Dormant Power Helps Discover Flails,潜在する力から、フレイルを見つけやすくなる,フレイル
Dormant Power Helps Discover Great Hammers,潜在する力から、大槌を見つけやすくなる,大槌
Dormant Power Helps Discover Great Spears,潜在する力から、大槍を見つけやすくなる,大槍
Dormant Power Helps Discover Greataxes,潜在する力から、大斧を見つけやすくなる,大斧
Dormant Power Helps Discover Greatbows,潜在する力から、大弓を見つけやすくなる,大弓
Dormant Power Helps Discover Greatshields,潜在する力から、大盾を見つけやすくなる,大盾
Dormant Power Helps Discover Greatswords,潜在する力から、大剣を見つけやすくなる,大剣
Dormant Power Helps Discover Halberds,潜在する力から、斧槍を見つけやすくなる,斧槍
Dormant Power Helps Discover Hammers,潜在する力から、槌を見つけやすくなる,槌
Dormant Power Helps Discover Heavy Thrusting Swords,潜在する力から、重刺剣を見つけやすくなる,重刺剣
Dormant Power Helps Discover Katana,潜在する力から、刀を見つけやすくなる,刀
Dormant Power Helps Discover Medium Shields,潜在する力から、中盾を見つけやすくなる,中盾
Dormant Power Helps Discover Reapers,潜在する力から、鎌を見つけやすくなる,鎌
Dormant Power Helps Discover Sacred Seals,潜在する力から、聖印を見つけやすくなる,聖印
Dormant Power Helps Discover Small Shields,潜在する力から、小盾を見つけやすくなる,小盾
Dormant Power Helps Discover Spears,潜在する力から、槍を見つけやすくなる,槍
Dormant Power Helps Discover Staves,潜在する力から、杖を見つけやすくなる,杖
Dormant Power Helps Discover Straight Swords,潜在する力から、直剣を見つけやすくなる,直剣
Dormant Power Helps Discover Thrusting Swords,潜在する力から、刺剣を見つけやすくなる,刺剣
Dormant Power Helps Discover Twinblades,潜在する力から、両刃剣を見つけやすくなる,両刃剣
Dormant Power Helps Discover Whips,潜在する力から、鞭を見つけやすくなる,鞭
Draw enemy attention while guarding,ガード中、敵に狙われやすくなる,アクション
Endurance +1,持久力+1,能力値
Endurance +2,持久力+2,能力値
Endurance +3,持久力+3,能力値
FP Restoration upon Axe Attacks,斧の攻撃でFP回復,斧
FP Restoration upon Bow Attacks,弓の攻撃でFP回復,弓
FP Restoration upon Claw Attacks,爪の攻撃でFP回復,爪
FP Restoration upon Colossal Sword Attacks,特大剣の攻撃でFP回復,特大剣
FP Restoration upon Colossal Weapon Attacks,特大武器の攻撃でFP回復,特大武器
FP Restoration upon Curved Greatsword Attacks,大曲剣の攻撃でFP回復,大曲剣
FP Restoration upon Curved Sword Attacks,曲剣の攻撃でFP回復,曲剣
FP Restoration upon Dagger Attacks,短剣の攻撃でFP回復,短剣
FP Restoration upon Fist Attacks,拳の攻撃でFP回復,拳
FP Restoration upon Flail Attacks,フレイルの攻撃でFP回復,フレイル
FP Restoration upon Great Hammer Attacks,大槌の攻撃でFP回復,大槌
FP Restoration upon Great Spear Attacks,大槍の攻撃でFP回復,大槍
FP Restoration upon Greataxe Attacks,大斧の攻撃でFP回復,大斧
FP Restoration upon Greatsword Attacks,大剣の攻撃でFP回復,大剣
FP Restoration upon Halberd Attacks,斧槍の攻撃でFP回復,斧槍
FP Restoration upon Hammer Attacks,槌の攻撃でFP回復,槌
FP Restoration upon Heavy Thrusting Sword Attacks,重刺剣の攻撃でFP回復,重刺剣
FP Restoration upon Katana Attacks,刀の攻撃でFP回復,刀
FP Restoration upon Reaper Attacks,鎌の攻撃でFP回復,鎌
FP Restoration upon Spear Attacks,槍の攻撃でFP回復,槍
FP Restoration upon Straight Sword Attacks,直剣の攻撃でFP回復,直剣
FP Restoration upon Thrusting Sword Attacks,刺剣の攻撃でFP回復,刺剣
FP Restoration upon Twinblade Attacks,両刃剣の攻撃でFP回復,両刃剣
FP Restoration upon Whip Attacks,鞭の攻撃でFP回復,鞭
Faith +1,信仰+1,能力値
Faith +2,信仰+2,能力値
Faith +3,信仰+3,能力値
Fire Attack Power Up,炎攻撃力上昇,攻撃力
Fire Attack Power Up +1,炎攻撃力上昇 +1,攻撃力
Fire Attack Power Up +2,炎攻撃力上昇 +2,攻撃力
Fire Attack Power Up +3,炎攻撃力上昇 +3,攻撃力
Fire Attack Power Up +4,炎攻撃力上昇 +4,攻撃力
Fire Damage Negation Up,炎カット率上昇,カット率
Fire Grease in possession at start of expedition,出撃時に「火脂」を持つ,出撃時のアイテム
Fire Pots in possession at start of expedition,出撃時に「火炎壺」を持つ,出撃時のアイテム
Flame-Shrouding Cracked Tear in possession at start of expedition,出撃時に「炎纏いの割れ雫」を持つ,出撃時のアイテム（結晶の雫）
Flask Also Heals Allies,聖杯瓶の回復を、周囲の味方に分配,チームメンバー
Glintstone Scraps in possession at start of expedition,出撃時に「屑輝石」を持つ,出撃時のアイテム
Gravity Stone Chunks in possession at start of expedition,出撃時に「塊の重力石」を持つ,出撃時のアイテム
Greenburst Crystal Tear in possession at start of expedition,出撃時に「緑湧きの結晶雫」を持つ,出撃時のアイテム（結晶の雫）
Greenspill Crystal Tear in possession at start of expedition,出撃時に「緑溢れの結晶雫」を持つ,出撃時のアイテム（結晶の雫）
Guard counter is given a boost based on current HP,ガードカウンターに、自身の現在HPの一部を加える,攻撃力
HP Restoration upon Axe Attacks,斧の攻撃でHP回復,斧
HP Restoration upon Bow Attacks,弓の攻撃でHP回復,弓
HP Restoration upon Claw Attacks,爪の攻撃でHP回復,爪
HP Restoration upon Colossal Sword Attacks,特大剣の攻撃でHP回復,特大剣
HP Restoration upon Colossal Weapon Attacks,特大武器の攻撃でHP回復,特大武器
HP Restoration upon Curved Greatsword Attacks,大曲剣の攻撃でHP回復,大曲剣
HP Restoration upon Curved Sword Attacks,曲剣の攻撃でHP回復,曲剣
HP Restoration upon Dagger Attacks,短剣の攻撃でHP回復,短剣
HP Restoration upon Fist Attacks,拳の攻撃でHP回復,拳
HP Restoration upon Flail Attacks,フレイルの攻撃でHP回復,フレイル
HP Restoration upon Great Hammer Attacks,大槌の攻撃でHP回復,大槌
HP Restoration upon Great Spear Attacks,大槍の攻撃でHP回復,大槍
HP Restoration upon Greataxe Attacks,大斧の攻撃でHP回復,大斧
HP Restoration upon Greatsword Attacks,大剣の攻撃でHP回復,大剣
HP Restoration upon Halberd Attacks,斧槍の攻撃でHP回復,斧槍
HP Restoration upon Hammer Attacks,槌の攻撃でHP回復,槌
HP Restoration upon Heavy Thrusting Sword Attacks,重刺剣の攻撃でHP回復,重刺剣
HP Restoration upon Katana Attacks,刀の攻撃でHP回復,刀
HP Restoration upon Reaper Attacks,鎌の攻撃でHP回復,鎌
HP Restoration upon Spear Attacks,槍の攻撃でHP回復,槍
HP Restoration upon Straight Sword Attacks,直剣の攻撃でHP回復,直剣
HP Restoration upon Thrusting Counterattack,刺突カウンター時、HP回復,回復
HP Restoration upon Thrusting Counterattack +1,刺突カウンター時、HP回復 +1,回復
HP Restoration upon Thrusting Sword Attacks,刺剣の攻撃でHP回復,刺剣
HP Restoration upon Twinblade Attacks,両刃剣の攻撃でHP回復,両刃剣
HP Restoration upon Whip Attacks,鞭の攻撃でHP回復,鞭
"HP restored when using medicinal boluses, etc.",苔薬などの使用時、HP回復,回復
"HP restored when using medicinal boluses, etc. +1",苔薬などの使用時、HP回復 +1,回復
Holy Attack Power Up,聖攻撃力上昇,攻撃力
Holy Attack Power Up +1,聖攻撃力上昇 +1,攻撃力
Holy Attack Power Up +2,聖攻撃力上昇 +2,攻撃力
Holy Attack Power Up +3,聖攻撃力上昇 +3,攻撃力
Holy Attack Power Up +4,聖攻撃力上昇 +4,攻撃力
Holy Damage Negation Up,聖カット率上昇,カット率
Holy Grease in possession at start of expedition,出撃時に「聖脂」を持つ,出撃時のアイテム
Holy Water Pots in possession at start of expedition,出撃時に「聖水壺」を持つ,出撃時のアイテム
Holy-Shrouding Cracked Tear in possession at start of expedition,出撃時に「聖纏いの割れ雫」を持つ,出撃時のアイテム（結晶の雫）
Improved Affinity Attack Power,属性攻撃力上昇,攻撃力
Improved Affinity Attack Power +1,属性攻撃力上昇 +1,攻撃力
Improved Affinity Attack Power +2,属性攻撃力上昇 +2,攻撃力
Improved Affinity Damage Negation,属性カット率上昇,カット率
Improved Affinity Damage Negation +1,属性カット率上昇 +1,カット率
Improved Affinity Damage Negation +2,属性カット率上昇 +2,カット率
Improved Attack Power with 3+ Axes Equipped,斧の武器種を3つ以上装備していると攻撃力上昇,斧
Improved Attack Power with 3+ Bows Equipped,弓の武器種を3つ以上装備していると攻撃力上昇,弓
Improved Attack Power with 3+ Claws Equipped,爪の武器種を3つ以上装備していると攻撃力上昇,爪
Improved Attack Power with 3+ Colossal Swords Equipped,特大剣の武器種を3つ以上装備していると攻撃力上昇,特大剣
Improved Attack Power with 3+ Colossal Weapons Equipped,特大武器の武器種を3つ以上装備していると攻撃力上昇,特大武器
Improved Attack Power with 3+ Curved Greatswords Equipped,大曲剣の武器種を3つ以上装備していると攻撃力上昇,大曲剣
Improved Attack Power with 3+ Curved Swords Equipped,曲剣の武器種を3つ以上装備していると攻撃力上昇,曲剣
Improved Attack Power with 3+ Daggers Equipped,短剣の武器種を3つ以上装備していると攻撃力上昇,短剣
Improved Attack Power with 3+ Fists Equipped,拳の武器種を3つ以上装備していると攻撃力上昇,拳
Improved Attack Power with 3+ Flails Equipped,フレイルの武器種を3つ以上装備していると攻撃力上昇,フレイル
Improved Attack Power with 3+ Great Hammers Equipped,大槌の武器種を3つ以上装備していると攻撃力上昇,大槌
Improved Attack Power with 3+ Great Spears Equipped,大槍の武器種を3つ以上装備していると攻撃力上昇,大槍
Improved Attack Power with 3+ Greataxes Equipped,大斧の武器種を3つ以上装備していると攻撃力上昇,大斧
Improved Attack Power with 3+ Greatswords Equipped,大剣の武器種を3つ以上装備していると攻撃力上昇,大剣
Improved Attack Power with 3+ Halberds Equipped,斧槍の武器種を3つ以上装備していると攻撃力上昇,斧槍
Improved Attack Power with 3+ Hammers Equipped,槌の武器種を3つ以上装備していると攻撃力上昇,槌
Improved Attack Power with 3+ Heavy Thrusting Swords Equipped,重刺剣の武器種を3つ以上装備していると攻撃力上昇,重刺剣
Improved Attack Power with 3+ Katana Equipped,刀の武器種を3つ以上装備していると攻撃力上昇,刀
Improved Attack Power with 3+ Reapers Equipped,鎌の武器種を3つ以上装備していると攻撃力上昇,鎌
Improved Attack Power with 3+ Spears Equipped,槍の武器種を3つ以上装備していると攻撃力上昇,槍
Improved Attack Power with 3+ Straight Swords Equipped,直剣の武器種を3つ以上装備していると攻撃力上昇,直剣
Improved Attack Power with 3+ Thrusting Swords Equipped,刺剣の武器種を3つ以上装備していると攻撃力上昇,刺剣
Improved Attack Power with 3+ Twinblades Equipped,両刃剣の武器種を3つ以上装備していると攻撃力上昇,両刃剣
Improved Attack Power with 3+ Whips Equipped,鞭の武器種を3つ以上装備していると攻撃力上昇,鞭
Improved Axe Attack Power,斧の攻撃力上昇,斧
Improved Bestial Incantations,獣の祈祷強化,魔術／祈祷
Improved Blood Loss Resistance,出血耐性上昇,状態異常耐性
Improved Blood Loss Resistance +1,出血耐性上昇 +1,状態異常耐性
Improved Bow Attack Power,弓の攻撃力上昇,弓
Improved Carian Sword Sorcery,カーリアの剣の魔術強化,魔術／祈祷
Improved Claw Attack Power,爪の攻撃力上昇,爪
Improved Colossal Sword Attack Power,特大剣の攻撃力上昇,特大剣
Improved Colossal Weapon Attack Power,特大武器の攻撃力上昇,特大武器
Improved Critical Hits,致命の一撃強化,攻撃力
Improved Crystalian sorcery,結晶人の魔術強化,魔術／祈祷
Improved Curved Greatsword Attack Power,大曲剣の攻撃力上昇,大曲剣
Improved Curved Sword Attack Power,曲剣の攻撃力上昇,曲剣
Improved Dagger Attack Power,短剣の攻撃力上昇,短剣
Improved Damage Negation at Low HP,HP低下時、カット率上昇,カット率
Improved Death Blight Resistance,死耐性上昇,状態異常耐性
Improved Death Blight Resistance +1,死耐性上昇 +1,状態異常耐性
Improved Dragon Communion Incantations,竜餐の祈祷強化,魔術／祈祷
Improved Dragon Cult Incantations,王都古竜信仰の祈祷強化,魔術／祈祷
Improved Fire Damage Negation +1,炎カット率上昇 +1,カット率
Improved Fire Damage Negation +2,炎カット率上昇 +2,カット率
Improved Fist Attack Power,拳の攻撃力上昇,拳
Improved Flail Attack Power,フレイルの攻撃力上昇,フレイル
Improved Flask HP Restoration,聖杯瓶のHP回復量上昇,回復
Improved Frenzied Flame Incantations,狂い火の祈祷強化,魔術／祈祷
Improved Frost Resistance,冷気耐性上昇,状態異常耐性
Improved Frost Resistance +1,冷気耐性上昇 +1,状態異常耐性
Improved Fundamentalist Incantations,黄金律原理主義の祈祷強化,魔術／祈祷
Improved Giants' Flame Incantations,巨人の火の祈祷強化,魔術／祈祷
Improved Glintblade Sorcery,輝剣の魔術強化,魔術／祈祷
Improved Glintstone and Gravity Stone Damage,輝石/重力石ダメージ上昇,攻撃力
Improved Glintstone and Gravity Stone Damage +1,輝石/重力石ダメージ上昇 +1,攻撃力
Improved Godslayer Incantations,神狩りの祈祷強化,魔術／祈祷
Improved Gravity Sorcery,重力の魔術強化,魔術／祈祷
Improved Great Hammer Attack Power,大槌の攻撃力上昇,大槌
Improved Great Spear Attack Power,大槍の攻撃力上昇,大槍
Improved Greataxe Attack Power,大斧の攻撃力上昇,大斧
Improved Greatsword Attack Power,大剣の攻撃力上昇,大剣
Improved Guard Counters,ガードカウンター強化,攻撃力
Improved Guard Counters +1,ガードカウンター強化 +1,攻撃力
Improved Guard Counters +2,ガードカウンター強化 +2,攻撃力
Improved Halberd Attack Power,斧槍の攻撃力上昇,斧槍
Improved Hammer Attack Power,槌の攻撃力上昇,槌
Improved Heavy Thrusting Sword Attack Power,重刺剣の攻撃力上昇,重刺剣
Improved Holy Damage Negation +1,聖カット率上昇 +1,カット率
Improved Holy Damage Negation +2,聖カット率上昇 +2,カット率
Improved Incantations,祈祷強化,魔術／祈祷
Improved Incantations +1,祈祷強化 +1,魔術／祈祷
Improved Incantations +2,祈祷強化 +2,魔術／祈祷
Improved Initial Standard Attack,通常攻撃の1段目強化,攻撃力
Improved Invisibility Sorcery,不可視の魔術強化,魔術／祈祷
Improved Katana Attack Power,刀の攻撃力上昇,刀
Improved Lightning Damage Negation +1,雷カット率上昇 +1,カット率
Improved Lightning Damage Negation +2,雷カット率上昇 +2,カット率
Improved Madness Resistance,発狂耐性上昇,状態異常耐性
Improved Madness Resistance +1,発狂耐性上昇 +1,状態異常耐性
Improved Magic Damage Negation +1,魔力カット率上昇 +1,カット率
Improved Magic Damage Negation +2,魔力カット率上昇 +2,カット率
Improved Perfuming Arts +1,調香術強化 +1,攻撃力
Improved Physical Damage Negation +1,物理カット率上昇 +1,カット率
Improved Physical Damage Negation +2,物理カット率上昇 +2,カット率
Improved Poise & Damage Negation When Knocked Back by Damage,ダメージで吹き飛ばされた時、強靭度とカット率上昇,カット率
Improved Poise Near Totem Stela,トーテム・ステラの周囲で、強靭度上昇,無頼漢
Improved Poison Resistance,毒耐性上昇,状態異常耐性
Improved Poison Resistance +1,毒耐性上昇 +1,状態異常耐性
Improved Reaper Attack Power,鎌の攻撃力上昇,鎌
Improved Rot Resistance,腐敗耐性上昇,状態異常耐性
Improved Rot Resistance +1,腐敗耐性上昇 +1,状態異常耐性
Improved Sleep Resistance,睡眠耐性上昇,状態異常耐性
Improved Sleep Resistance +1,睡眠耐性上昇 +1,状態異常耐性
Improved Sorceries,魔術強化,魔術／祈祷
Improved Sorceries +1,魔術強化 +1,魔術／祈祷
Improved Sorceries +2,魔術強化 +2,魔術／祈祷
Improved Spear Attack Power,槍の攻撃力上昇,槍
Improved Stonedigger Sorcery,石掘りの魔術強化,魔術／祈祷
Improved Straight Sword Attack Power,直剣の攻撃力上昇,直剣
Improved Thorn Sorcery,茨の魔術強化,魔術／祈祷
Improved Throwing Knife Damage,投擲ナイフダメージ上昇,攻撃力
Improved Throwing Knife Damage +1,投擲ナイフダメージ上昇 +1,攻撃力
Improved Throwing Pot Damage,投擲壺ダメージ上昇,攻撃力
Improved Throwing Pot Damage +1,投擲壺ダメージ上昇 +1,攻撃力
Improved Thrusting Sword Attack Power,刺剣の攻撃力上昇,刺剣
Improved Twinblade Attack Power,両刃剣の攻撃力上昇,両刃剣
Improved Whip Attack Power,鞭の攻撃力上昇,鞭
Increased Maximum FP,最大FP上昇,能力値
Increased Maximum HP,最大HP上昇,能力値
Increased Maximum Stamina,最大スタミナ上昇,能力値
Increased rune acquisition for self and allies,自身と味方の取得ルーン増加,チームメンバー
Intelligence +1,知力+1,能力値
Intelligence +2,知力+2,能力値
Intelligence +3,知力+3,能力値
Ironjar Aromatic in possession at start of expedition,出撃時に「鉄壺の香薬」を持つ,出撃時のアイテム
Items confer effect to all nearby allies,アイテムの効果が周囲の味方にも発動,チームメンバー
Leaden Hardtear in possession at start of expedition,出撃時に「鉛色の硬雫」を持つ,出撃時のアイテム（結晶の雫）
Lightning Attack Power Up,雷攻撃力上昇,攻撃力
Lightning Attack Power Up +1,雷攻撃力上昇 +1,攻撃力
Lightning Attack Power Up +2,雷攻撃力上昇 +2,攻撃力
Lightning Attack Power Up +3,雷攻撃力上昇 +3,攻撃力
Lightning Attack Power Up +4,雷攻撃力上昇 +4,攻撃力
Lightning Damage Negation Up,雷カット率上昇,カット率
Lightning Grease in possession at start of expedition,出撃時に「雷脂」を持つ,出撃時のアイテム
Lightning Pots in possession at start of expedition,出撃時に「雷壺」を持つ,出撃時のアイテム
Lightning-Shrouding Cracked Tear in possession at start of expedition,出撃時に「雷纏いの割れ雫」を持つ,出撃時のアイテム（結晶の雫）
Lower Attack When Below Max HP,HP最大未満時、攻撃力低下,デメリット（アクション）
Madness in Vicinity Improves Attack Power,周囲で発狂発生時、攻撃力上昇,アクション
Madness in Vicinity Improves Attack Power +1,周囲で発狂発生時、攻撃力上昇 +1,アクション
Magic Attack Power Up,魔力攻撃力上昇,攻撃力
Magic Attack Power Up +1,魔力攻撃力上昇 +1,攻撃力
Magic Attack Power Up +2,魔力攻撃力上昇 +2,攻撃力
Magic Attack Power Up +3,魔力攻撃力上昇 +3,攻撃力
Magic Attack Power Up +4,魔力攻撃力上昇 +4,攻撃力
Magic Damage Negation Up,魔力カット率上昇,カット率
Magic Grease in possession at start of expedition,出撃時に「魔力脂」を持つ,出撃時のアイテム
Magic Pots in possession at start of expedition,出撃時に「魔力壺」を持つ,出撃時のアイテム
Magic-Shrouding Cracked Tear in possession at start of expedition,出撃時に「魔力纏いの割れ雫」を持つ,出撃時のアイテム（結晶の雫）
Max FP Up with 3+ Sacred Seals Equipped,聖印の武器種を3つ以上装備していると最大FP上昇,聖印
Max FP Up with 3+ Staves Equipped,杖の武器種を3つ以上装備していると最大FP上昇,杖
Max FP increased for each Sorcerer's Rise unlocked,魔術師塔を解放するたび最大FP上昇,能力値
Max HP Up with 3+ Greatshields Equipped,大盾の武器種を3つ以上装備していると最大HP上昇,大盾
Max HP Up with 3+ Medium Shields Equipped,中盾の武器種を3つ以上装備していると最大HP上昇,中盾
Max HP Up with 3+ Small Shields Equipped,小盾の武器種を3つ以上装備していると最大HP上昇,小盾
Max HP increased for each great enemy defeated at a Great Church.,大教会の強敵を倒すたび最大HP上昇,能力値
Max stamina increased for each great enemy defeated at a Great Encampment,大野営地の強敵を倒すたび最大スタミナ上昇,能力値
Mind +1,精神力+1,能力値
Mind +2,精神力+2,能力値
Mind +3,精神力+3,能力値
Near Death Reduces Max HP,瀕死時、最大HP低下,デメリット（能力値）
Opaline Bubbletear in possession at start of expedition,出撃時に「真珠色の泡雫」を持つ,出撃時のアイテム（結晶の雫）
Opaline Hardtear in possession at start of expedition,出撃時に「真珠色の硬雫」を持つ,出撃時のアイテム（結晶の雫）
Partial HP Restoration upon Post-Damage Attacks,被ダメージ後の攻撃でHPを一部回復,回復
Partial HP Restoration upon Post-Damage Attacks +1,被ダメージ後の攻撃でHPを一部回復 +1,回復
Partial HP Restoration upon Post-Damage Attacks +2,被ダメージ後の攻撃でHPを一部回復 +2,回復
Physical Attack Up,物理攻撃力上昇,攻撃力
Physical Attack Up +1,物理攻撃力上昇 +1,攻撃力
Physical Attack Up +2,物理攻撃力上昇 +2,攻撃力
Physical Attack Up +3,物理攻撃力上昇 +3,攻撃力
Physical Attack Up +4,物理攻撃力上昇 +4,攻撃力
Physical attack power increases after using grease items,脂アイテム使用時、追加で物理攻撃力上昇,攻撃力
Physical attack power increases after using grease items +1,脂アイテム使用時、追加で物理攻撃力上昇 +1,攻撃力
Physical attack power increases after using grease items +2,脂アイテム使用時、追加で物理攻撃力上昇 +2,攻撃力
Poise +1,強靭度+1,能力値
Poise +2,強靭度+2,能力値
Poise +3,強靭度+3,能力値
Poison Buildup When Below Max HP,HP最大未満時、毒が蓄積,デメリット（アクション）
Poison Spraymist in possession at start of expedition,出撃時に「毒の噴霧」を持つ,出撃時のアイテム
Poisonbone Darts in possession at start of expedition,出撃時に「骨の毒投げ矢」を持つ,出撃時のアイテム
"Raised stamina recovery for nearby allies, but not for self",自身を除く、周囲の味方のスタミナ回復速度上昇,チームメンバー
Reduced Damage Negation After Evading,回避後、カット率低下,デメリット（カット率）
Reduced Damage Negation for Flask Usages,聖杯瓶使用時、カット率低下,デメリット（カット率）
Reduced Dexterity and Faith,技量と信仰低下,デメリット（能力値）
Reduced FP Consumption,消費FP軽減,回復
Reduced Faith and Strength,信仰と筋力低下,デメリット（能力値）
Reduced Flask HP Restoration,聖杯瓶のHP回復量低下,デメリット（アクション）
Reduced Intelligence and Dexterity,知力と技量低下,デメリット（能力値）
Reduced Rune Acquisition,ルーン取得量低下,デメリット（アクション）
Reduced Strength and Intelligence,筋力と知力低下,デメリット（能力値）
Reduced Vigor and Arcane,生命力と神秘低下,デメリット（能力値）
Repeated Evasions Lower Damage Negation,連続回避でカット率低下,デメリット（カット率）
Rot Buildup When Below Max HP,HP最大未満時、朱い腐敗が蓄積,デメリット（アクション）
Rune discount for shop purchases while on expedition,出撃中、ショップ購入価格割引,マップ環境
Runes and Item Discovery increased for each great enemy defeated at a Fort,砦の強敵を倒すたび、ルーンと発見力上昇,能力値
Ruptured Crystal Tear in possession at start of expedition,出撃時に「破裂した結晶雫」を持つ,出撃時のアイテム（結晶の雫）
Shield Grease in possession at start of expedition,出撃時に「盾脂」を持つ,出撃時のアイテム
Sleep in Vicinity Improves Attack Power,周囲で睡眠発生時、攻撃力上昇,アクション
Sleep in Vicinity Improves Attack Power +1,周囲で睡眠発生時、攻撃力上昇 +1,アクション
Slowly restore HP for self and nearby allies when HP is low,HP低下時、周囲の味方を含めHPをゆっくりと回復,回復
Small Pouch in possession at start of expedition,出撃時に「小さなポーチ」を持つ,出撃時のアイテム
Spark Aromatic in possession at start of expedition,出撃時に「火花の香り」を持つ,出撃時のアイテム
Speckled Hardtear in possession at start of expedition,出撃時に「斑彩色の硬雫」を持つ,出撃時のアイテム（結晶の雫）
Spiked Cracked Tear in possession at start of expedition,出撃時に「大棘の割れ雫」を持つ,出撃時のアイテム（結晶の雫）
Stamina Recovery upon Landing Attacks,攻撃命中時、スタミナ回復,回復
Starlight Shards in possession at start of expedition,出撃時に「星光の欠片」を持つ,出撃時のアイテム
Starting armament deals fire damage,出撃時の武器に炎攻撃力を付加,出撃時の武器（付加）
Starting armament deals holy damage,出撃時の武器に聖攻撃力を付加,出撃時の武器（付加）
Starting armament deals lightning damage,出撃時の武器に雷攻撃力を付加,出撃時の武器（付加）
Starting armament deals magic damage,出撃時の武器に魔力攻撃力を付加,出撃時の武器（付加）
Starting armament inflicts blood loss,出撃時の武器に出血の状態異常を付加,出撃時の武器（付加）
Starting armament inflicts frost,出撃時の武器に冷気の状態異常を付加,出撃時の武器（付加）
Starting armament inflicts poison,出撃時の武器に毒の状態異常を付加,出撃時の武器（付加）
Stonebarb Cracked Tear in possession at start of expedition,出撃時に「岩棘の割れ雫」を持つ,出撃時のアイテム（結晶の雫）
Stonesword Key in possession at start of expedition,出撃時に「石剣の鍵」を持つ,出撃時のアイテム
Strength +1,筋力+1,能力値
Strength +2,筋力+2,能力値
Strength +3,筋力+3,能力値
Successful guarding fills more of the Art gauge,ガード成功時、アーツゲージ増加,スキル／アーツ
Successful guarding fills more of the Art gauge +1,ガード成功時、アーツゲージ増加 +1,スキル／アーツ
Taking Damage Causes Blood Loss Buildup,被ダメージ時、出血が蓄積,デメリット（アクション）
Taking Damage Causes Death Buildup,被ダメージ時、死が蓄積,デメリット（アクション）
Taking Damage Causes Frost Buildup,被ダメージ時、凍傷が蓄積,デメリット（アクション）
Taking Damage Causes Madness Buildup,被ダメージ時、発狂が蓄積,デメリット（アクション）
Taking Damage Causes Poison Buildup,被ダメージ時、毒が蓄積,デメリット（アクション）
Taking Damage Causes Rot Buildup,被ダメージ時、朱い腐敗が蓄積,デメリット（アクション）
Taking Damage Causes Sleep Buildup,被ダメージ時、睡眠が蓄積,デメリット（アクション）
Taking attacks improves attack power,攻撃を受けると攻撃力上昇,攻撃力
Thorny Cracked Tear in possession at start of expedition,出撃時に「連棘の割れ雫」を持つ,出撃時のアイテム（結晶の雫）
Throwing Daggers in possession at start of expedition,出撃時に「スローイングダガー」を持つ,出撃時のアイテム
Treasure marked upon map,地図に宝が表示される,マップ環境
Twiggy Cracked Tear in possession at start of expedition,出撃時に「細枝の割れ雫」を持つ,出撃時のアイテム（結晶の雫）
Ultimate Art Auto Charge +1,アーツゲージ自動蓄積 +1,スキル／アーツ
Ultimate Art Auto Charge +2,アーツゲージ自動蓄積 +2,スキル／アーツ
Ultimate Art Auto Charge +3,アーツゲージ自動蓄積 +3,スキル／アーツ
Ultimate Art Charging Impaired,アーツゲージ蓄積量低下,デメリット（アクション）
Uplifting Aromatic in possession at start of expedition,出撃時に「高揚の香り」を持つ,出撃時のアイテム
Vigor +1,生命力+1,能力値
Vigor +2,生命力+2,能力値
Vigor +3,生命力+3,能力値
Windy Crystal Tear in possession at start of expedition,出撃時に「風の結晶雫」を持つ,出撃時のアイテム（結晶の雫）
Wraith Calling Bell in possession at start of expedition,出撃時に「呪霊喚びの鈴」を持つ,出撃時のアイテム
[Duchess] Become difficult to spot and silence footsteps after landing critical from behind,【レディ】背後からの致命後、敵に発見されにくくなり足音を消す,レディ
[Duchess] Defeating enemies while Art is active ups attack power,【レディ】アーツ発動中に敵を倒すと攻撃力上昇,レディ
[Duchess] Improved Character Skill Attack Power,【レディ】スキル攻撃力上昇,レディ
"[Duchess] Improved Mind and Faith, Reduced Intelligence",【レディ】精神力・信仰上昇、知力低下,レディ
"[Duchess] Improved Vigor and Strength, Reduced Mind",【レディ】生命力・筋力上昇、精神力低下,レディ
[Duchess] Successive dagger attack reprises event upon nearby enemies,【レディ】短剣の連続攻撃で周囲の敵にリステージを発生,レディ
[Duchess] Use Character Skill for Brief Invulnerability,【レディ】スキル使用時、短時間無敵化,レディ
[Executor] Character Skill Boosts Attack but Attacking Drains HP,【執行者】スキル中の攻撃力上昇、攻撃時にカット率低下,執行者
"[Executor] Improved Dexterity and Arcane, Reduced Vigor",【執行者】技量・神秘上昇、生命力低下,執行者
"[Executor] Improved Vigor and Endurance, Reduced Arcane",【執行者】生命力・持久力上昇、神秘低下,執行者
[Executor] Roaring restores HP while Art is active,【執行者】アーツ発動中、咆哮でHP回復,執行者
[Executor] Slowly Restore HP upon Ability Activation,【執行者】アビリティ発動時、HPをゆっくり回復,執行者
"[Executor] While Character Skill is active, unlocking use of cursed sword restores HP",【執行者】スキル中、妖刀解放時にHP回復,執行者
[Guardian] Character Skill Boosts Damage Negation of Nearby Allies,【守護者】スキルで周囲の味方のカット率上昇,守護者
[Guardian] Creates whirlwind when charging halberd attacks,【守護者】斧槍の溜め攻撃時、旋風を発生,守護者
"[Guardian] Improved Mind and Faith, Reduced Vigor",【守護者】精神力・信仰上昇、生命力低下,守護者
"[Guardian] Improved Strength and Dexterity, Reduced Vigor",【守護者】筋力・技量上昇、生命力低下,守護者
[Guardian] Increased duration for Character Skill,【守護者】スキルの持続時間延長,守護者
[Guardian] Slowly restores nearby allies' HP while Art is active,【守護者】アーツ発動中、周囲の味方のHPをゆっくり回復,守護者
[Guardian] Successful guards send out shockwaves while ability is active,【守護者】アビリティ発動中、ガード成功時に衝撃波を発生,守護者
[Ironeye] +1 additional Character Skill use,【鉄の目】スキル使用回数+1,鉄の目
[Ironeye] Art Charge Activation Adds Poison Effect,【鉄の目】アーツ溜め発動時、毒効果を付与,鉄の目
[Ironeye] Boosts thrusting counterattacks after executing Art,【鉄の目】アーツ発動後、刺突カウンターを強化,鉄の目
[Ironeye] Character Skill Inflicts Heavy Poison Damage on Poisoned Enemies,【鉄の目】スキルが毒状態の敵に大きな毒ダメージ,鉄の目
[Ironeye] Extends duration of weak point,【鉄の目】弱点の持続時間延長,鉄の目
"[Ironeye] Improved Arcane, Reduced Dexterity",【鉄の目】神秘上昇、技量低下,鉄の目
"[Ironeye] Improved Vigor and Strength, Reduced Dexterity",【鉄の目】生命力・筋力上昇、技量低下,鉄の目
[Raider] Damage taken while using Character Skill improves attack power and stamina,【無頼漢】スキル使用中にダメージを受けると攻撃力とスタミナ上昇,無頼漢
[Raider] Duration of Ultimate Art extended,【無頼漢】アーツの効果時間延長,無頼漢
[Raider] Hit With Character Skill to Reduce Enemy Attack Power,【無頼漢】スキル命中時、敵の攻撃力低下,無頼漢
"[Raider] Improved Arcane, Reduced Vigor",【無頼漢】神秘上昇、生命力低下,無頼漢
"[Raider] Improved Mind and Intelligence, Reduced Vigor and Endurance",【無頼漢】精神力・知力上昇、生命力・持久力低下,無頼漢
[Recluse] Activating Ultimate Art raises Max HP,【隠者】アーツ発動時、最大HP上昇,隠者
[Recluse] Collect Affinity Residues to Negate Affinity,【隠者】属性痕を集めた時、対応する属性カット率上昇,隠者
[Recluse] Collecting affinity residue activates Terra Magica,【隠者】属性痕を集めると魔術の地を発動,隠者
"[Recluse] Improved Intelligence and Faith, Reduced Mind",【隠者】知力・信仰上昇、精神力低下,隠者
"[Recluse] Improved Vigor, Endurance, and Dexterity, Reduced Intelligence and Faith",【隠者】生命力・持久力・技量上昇、知力・信仰低下,隠者
[Recluse] Suffer blood loss and increase attack power upon Art activation,【隠者】アーツ発動時、出血し攻撃力上昇,隠者
[Revenant] Expend own HP to fully heal nearby allies when activating Art,【復讐者】アーツ発動時、自身のHPを消費して周囲の味方を全回復,復讐者
"[Revenant] Improved Strength, Reduced Faith",【復讐者】筋力上昇、信仰低下,復讐者
"[Revenant] Improved Vigor and Endurance, Reduced Mind",【復讐者】生命力・持久力上昇、精神力低下,復讐者
[Revenant] Increased Max FP upon Ability Activation,【復讐者】アビリティ発動時、最大FP上昇,復讐者
[Revenant] Power up while fighting alongside family,【復讐者】ファミリーと共闘中、能力上昇,復讐者
[Revenant] Strengthens family and allies when Ultimate Art is activated,【復讐者】アーツ発動時、ファミリーと味方を強化,復讐者
[Revenant] Trigger ghostflame explosion during Ultimate Art activation,【復讐者】アーツ発動中、霊炎の爆発を発生,復讐者
[Scholar] Allies targeted by Character Skill gain boosted attack,【学者】スキル対象の味方の攻撃力上昇,学者
[Scholar] Continuous damage inflicted on targets threaded by Ultimate Art,【学者】アーツで糸を付けた対象に継続ダメージ,学者
[Scholar] Earn runes for each additional specimen acquired with Character Skill,【学者】スキルで追加標本を得るたびルーン獲得,学者
[Scholar] Prevent slowing of Character Skill progress,【学者】スキル進行の低下を防ぐ,学者
[Undertaker] Activating Ultimate Art increases attack power,【葬儀屋】アーツ発動時、攻撃力上昇,葬儀屋
[Undertaker] Attack power increased by landing the final blow of a chain attack,【葬儀屋】連撃の最終段命中で攻撃力上昇,葬儀屋
[Undertaker] Contact with allies restores their HP while Ultimate Art is activated,【葬儀屋】アーツ発動中、味方に触れるとHP回復,葬儀屋
[Undertaker] Physical attacks boosted while assist effect from incantation is active for self,【葬儀屋】自身に祈祷の補助効果中、物理攻撃強化,葬儀屋
[Wylder] +1 additional Character Skill use,【追跡者】スキル使用回数+1,追跡者
[Wylder] Art activation spreads fire in area,【追跡者】アーツ発動時、周囲を延焼,追跡者
[Wylder] Art gauge greatly filled when ability is activated,【追跡者】アビリティ発動時、アーツゲージを大きく蓄積,追跡者
[Wylder] Character Skill inflicts Blood Loss,【追跡者】スキルに出血効果を付与,追跡者
"[Wylder] Improved Intelligence and Faith, Reduced Strength and Dexterity",【追跡者】知力・信仰上昇、筋力・技量低下,追跡者
"[Wylder] Improved Mind, Reduced Vigor",【追跡者】精神力上昇、生命力低下,追跡者
[Wylder] Standard attacks enhanced with fiery follow-ups when using Character Skill (greatsword only),【追跡者】スキル使用中、大剣の通常攻撃に炎の追撃を追加,追跡者
